-- phpMyAdmin SQL Dump
-- version 4.8.5
-- https://www.phpmyadmin.net/
--
-- Host: 127.0.0.1
-- Generation Time: Oct 10, 2022 at 01:47 PM
-- Server version: 10.1.38-MariaDB
-- PHP Version: 7.3.3

SET SQL_MODE = "NO_AUTO_VALUE_ON_ZERO";
SET AUTOCOMMIT = 0;
START TRANSACTION;
SET time_zone = "+00:00";


/*!40101 SET @OLD_CHARACTER_SET_CLIENT=@@CHARACTER_SET_CLIENT */;
/*!40101 SET @OLD_CHARACTER_SET_RESULTS=@@CHARACTER_SET_RESULTS */;
/*!40101 SET @OLD_COLLATION_CONNECTION=@@COLLATION_CONNECTION */;
/*!40101 SET NAMES utf8mb4 */;

--
-- Database: `yii2`
--

-- --------------------------------------------------------

--
-- Table structure for table `auth_assignment`
--

CREATE TABLE `auth_assignment` (
  `item_name` varchar(64) NOT NULL,
  `user_id` varchar(64) NOT NULL,
  `created_at` int(11) DEFAULT NULL
) ENGINE=InnoDB DEFAULT CHARSET=latin1;

-- --------------------------------------------------------

--
-- Table structure for table `auth_item`
--

CREATE TABLE `auth_item` (
  `name` varchar(64) NOT NULL,
  `type` int(11) NOT NULL,
  `description` text,
  `rule_name` varchar(64) DEFAULT NULL,
  `data` text,
  `created_at` int(11) DEFAULT NULL,
  `updated_at` int(11) DEFAULT NULL
) ENGINE=InnoDB DEFAULT CHARSET=latin1;

-- --------------------------------------------------------

--
-- Table structure for table `auth_item_child`
--

CREATE TABLE `auth_item_child` (
  `parent` varchar(64) NOT NULL,
  `child` varchar(64) NOT NULL
) ENGINE=InnoDB DEFAULT CHARSET=latin1;

-- --------------------------------------------------------

--
-- Table structure for table `auth_rule`
--

CREATE TABLE `auth_rule` (
  `name` varchar(64) NOT NULL,
  `data` text,
  `created_at` int(11) DEFAULT NULL,
  `updated_at` int(11) DEFAULT NULL
) ENGINE=InnoDB DEFAULT CHARSET=latin1;

-- --------------------------------------------------------

--
-- Table structure for table `foto`
--

CREATE TABLE `foto` (
  `id_foto` int(11) NOT NULL,
  `nama_tabel` varchar(100) NOT NULL,
  `id_tabel` int(11) NOT NULL,
  `foto` varchar(500) NOT NULL
) ENGINE=InnoDB DEFAULT CHARSET=utf8mb4;

-- --------------------------------------------------------

--
-- Table structure for table `log`
--

CREATE TABLE `log` (
  `id` bigint(20) NOT NULL,
  `level` int(11) DEFAULT NULL,
  `category` varchar(255) COLLATE utf8_unicode_ci DEFAULT NULL,
  `log_time` double DEFAULT NULL,
  `prefix` text COLLATE utf8_unicode_ci,
  `message` text COLLATE utf8_unicode_ci
) ENGINE=InnoDB DEFAULT CHARSET=utf8 COLLATE=utf8_unicode_ci;

--
-- Dumping data for table `log`
--

INSERT INTO `log` (`id`, `level`, `category`, `log_time`, `prefix`, `message`) VALUES
(1, 0, 'Login', 1665402402.3719, 'Developer', 'Login'),
(2, 4, 'yii\\db\\Command::execute', 1665402402.3721, 'Developer', 'INSERT INTO `log` (`level`, `category`, `log_time`, `prefix`, `message`) VALUES (0, \'Login\', 1665402402.3719, \'Developer\', \'Login\')');

-- --------------------------------------------------------

--
-- Table structure for table `login`
--

CREATE TABLE `login` (
  `id_login` int(11) NOT NULL,
  `username` varchar(21) NOT NULL,
  `password` varchar(32) NOT NULL,
  `nama` varchar(200) NOT NULL,
  `foto` varchar(100) NOT NULL,
  `is_active` int(1) NOT NULL
) ENGINE=InnoDB DEFAULT CHARSET=latin1;

--
-- Dumping data for table `login`
--

INSERT INTO `login` (`id_login`, `username`, `password`, `nama`, `foto`, `is_active`) VALUES
(1, 'developer', 'c89cdb5d7ec1518600a80f76fc62ec49', 'Developer', 'img_avatar.png', 1),
(2, 'admin', '21232f297a57a5a743894a0e4a801fc3', 'Administrator', 'img_avatar.png', 1);

-- --------------------------------------------------------

--
-- Table structure for table `menu_navigasi`
--

CREATE TABLE `menu_navigasi` (
  `id_menu` int(11) NOT NULL,
  `nama_menu` varchar(200) NOT NULL,
  `url` varchar(200) NOT NULL,
  `id_parent` int(11) NOT NULL,
  `no_urut` int(11) NOT NULL,
  `icon` varchar(100) NOT NULL,
  `status` int(11) NOT NULL
) ENGINE=InnoDB DEFAULT CHARSET=latin1;

--
-- Dumping data for table `menu_navigasi`
--

INSERT INTO `menu_navigasi` (`id_menu`, `nama_menu`, `url`, `id_parent`, `no_urut`, `icon`, `status`) VALUES
(1, 'MASTER DATA', '#', 0, 1, 'database', 1),
(2, 'Menu Navigasi', 'menu-navigasi', 1, 1, 'bars', 1),
(3, 'Hak   Akses', 'systemrole', 1, 2, 'users-cog', 1),
(4, 'Login', 'login', 1, 3, 'user-lock', 1);

-- --------------------------------------------------------

--
-- Table structure for table `menu_navigasi_role`
--

CREATE TABLE `menu_navigasi_role` (
  `id_menu_role` int(11) NOT NULL,
  `id_menu` int(11) NOT NULL,
  `id_system_role` int(11) NOT NULL
) ENGINE=InnoDB DEFAULT CHARSET=latin1;

--
-- Dumping data for table `menu_navigasi_role`
--

INSERT INTO `menu_navigasi_role` (`id_menu_role`, `id_menu`, `id_system_role`) VALUES
(1, 1, 1),
(2, 1, 2),
(3, 2, 1),
(4, 2, 2),
(5, 3, 1),
(6, 3, 2),
(7, 4, 1),
(8, 4, 2);

-- --------------------------------------------------------

--
-- Table structure for table `settings`
--

CREATE TABLE `settings` (
  `id` int(11) NOT NULL,
  `teks` varchar(50) NOT NULL,
  `variable` varchar(20) NOT NULL,
  `value` text NOT NULL,
  `status` int(1) NOT NULL
) ENGINE=InnoDB DEFAULT CHARSET=utf8mb4;

--
-- Dumping data for table `settings`
--

INSERT INTO `settings` (`id`, `teks`, `variable`, `value`, `status`) VALUES
(1, 'Nama', 'nama', 'AKADEMI ANALIS KESEHATAN', 1),
(2, 'Alamat', 'alamat', 'Jl. Jendral Sudirman 350 Semarang 50149 ', 1),
(3, 'Telepon', 'telepon', '(024)-7608694', 1),
(4, 'Email', 'email', 'analis@aak17smg.ac.id', 1),
(5, 'Title', 'title', 'AKADEMI ANALIS KESEHATAN ', 1),
(6, 'Subtitle', 'subtitle', '17 AGUSTUS 1945 SEMARANG', 1),
(7, 'Logo', 'logo', 'logo_top.png', 1);

-- --------------------------------------------------------

--
-- Table structure for table `system_role`
--

CREATE TABLE `system_role` (
  `id_system_role` int(11) NOT NULL,
  `nama_role` varchar(50) NOT NULL
) ENGINE=MyISAM DEFAULT CHARSET=latin1;

--
-- Dumping data for table `system_role`
--

INSERT INTO `system_role` (`id_system_role`, `nama_role`) VALUES
(1, 'DEVELOPER'),
(2, 'SYSTEM ADMINISTRATOR');

-- --------------------------------------------------------

--
-- Table structure for table `user_role`
--

CREATE TABLE `user_role` (
  `id_user_role` int(11) NOT NULL,
  `id_system_role` int(11) NOT NULL,
  `id_login` int(11) NOT NULL
) ENGINE=MyISAM DEFAULT CHARSET=latin1;

--
-- Dumping data for table `user_role`
--

INSERT INTO `user_role` (`id_user_role`, `id_system_role`, `id_login`) VALUES
(1, 1, 1),
(2, 2, 2);

--
-- Indexes for dumped tables
--

--
-- Indexes for table `auth_assignment`
--
ALTER TABLE `auth_assignment`
  ADD PRIMARY KEY (`item_name`,`user_id`);

--
-- Indexes for table `auth_item`
--
ALTER TABLE `auth_item`
  ADD PRIMARY KEY (`name`),
  ADD KEY `rule_name` (`rule_name`),
  ADD KEY `type` (`type`);

--
-- Indexes for table `auth_item_child`
--
ALTER TABLE `auth_item_child`
  ADD PRIMARY KEY (`parent`,`child`),
  ADD KEY `child` (`child`);

--
-- Indexes for table `auth_rule`
--
ALTER TABLE `auth_rule`
  ADD PRIMARY KEY (`name`);

--
-- Indexes for table `foto`
--
ALTER TABLE `foto`
  ADD PRIMARY KEY (`id_foto`),
  ADD KEY `id_tabel` (`id_tabel`);

--
-- Indexes for table `log`
--
ALTER TABLE `log`
  ADD PRIMARY KEY (`id`);

--
-- Indexes for table `login`
--
ALTER TABLE `login`
  ADD PRIMARY KEY (`id_login`),
  ADD UNIQUE KEY `username` (`username`);

--
-- Indexes for table `menu_navigasi`
--
ALTER TABLE `menu_navigasi`
  ADD PRIMARY KEY (`id_menu`),
  ADD KEY `id_parent` (`id_parent`),
  ADD KEY `status` (`status`);

--
-- Indexes for table `menu_navigasi_role`
--
ALTER TABLE `menu_navigasi_role`
  ADD PRIMARY KEY (`id_menu_role`),
  ADD KEY `id_menu` (`id_menu`),
  ADD KEY `id_system_role` (`id_system_role`);

--
-- Indexes for table `settings`
--
ALTER TABLE `settings`
  ADD PRIMARY KEY (`id`);

--
-- Indexes for table `system_role`
--
ALTER TABLE `system_role`
  ADD PRIMARY KEY (`id_system_role`);

--
-- Indexes for table `user_role`
--
ALTER TABLE `user_role`
  ADD PRIMARY KEY (`id_user_role`),
  ADD KEY `id_system_role` (`id_system_role`),
  ADD KEY `id_login` (`id_login`);

--
-- AUTO_INCREMENT for dumped tables
--

--
-- AUTO_INCREMENT for table `foto`
--
ALTER TABLE `foto`
  MODIFY `id_foto` int(11) NOT NULL AUTO_INCREMENT;

--
-- AUTO_INCREMENT for table `log`
--
ALTER TABLE `log`
  MODIFY `id` bigint(20) NOT NULL AUTO_INCREMENT, AUTO_INCREMENT=3;

--
-- AUTO_INCREMENT for table `login`
--
ALTER TABLE `login`
  MODIFY `id_login` int(11) NOT NULL AUTO_INCREMENT, AUTO_INCREMENT=9;

--
-- AUTO_INCREMENT for table `menu_navigasi`
--
ALTER TABLE `menu_navigasi`
  MODIFY `id_menu` int(11) NOT NULL AUTO_INCREMENT, AUTO_INCREMENT=5;

--
-- AUTO_INCREMENT for table `menu_navigasi_role`
--
ALTER TABLE `menu_navigasi_role`
  MODIFY `id_menu_role` int(11) NOT NULL AUTO_INCREMENT, AUTO_INCREMENT=9;

--
-- AUTO_INCREMENT for table `settings`
--
ALTER TABLE `settings`
  MODIFY `id` int(11) NOT NULL AUTO_INCREMENT, AUTO_INCREMENT=8;

--
-- AUTO_INCREMENT for table `system_role`
--
ALTER TABLE `system_role`
  MODIFY `id_system_role` int(11) NOT NULL AUTO_INCREMENT, AUTO_INCREMENT=3;

--
-- AUTO_INCREMENT for table `user_role`
--
ALTER TABLE `user_role`
  MODIFY `id_user_role` int(11) NOT NULL AUTO_INCREMENT, AUTO_INCREMENT=4;

--
-- Constraints for dumped tables
--

--
-- Constraints for table `auth_assignment`
--
ALTER TABLE `auth_assignment`
  ADD CONSTRAINT `auth_assignment_ibfk_1` FOREIGN KEY (`item_name`) REFERENCES `auth_item` (`name`) ON DELETE CASCADE ON UPDATE CASCADE;

--
-- Constraints for table `auth_item`
--
ALTER TABLE `auth_item`
  ADD CONSTRAINT `auth_item_ibfk_1` FOREIGN KEY (`rule_name`) REFERENCES `auth_rule` (`name`) ON DELETE SET NULL ON UPDATE CASCADE;

--
-- Constraints for table `auth_item_child`
--
ALTER TABLE `auth_item_child`
  ADD CONSTRAINT `auth_item_child_ibfk_1` FOREIGN KEY (`parent`) REFERENCES `auth_item` (`name`) ON DELETE CASCADE ON UPDATE CASCADE,
  ADD CONSTRAINT `auth_item_child_ibfk_2` FOREIGN KEY (`child`) REFERENCES `auth_item` (`name`) ON DELETE CASCADE ON UPDATE CASCADE;
COMMIT;

/*!40101 SET CHARACTER_SET_CLIENT=@OLD_CHARACTER_SET_CLIENT */;
/*!40101 SET CHARACTER_SET_RESULTS=@OLD_CHARACTER_SET_RESULTS */;
/*!40101 SET COLLATION_CONNECTION=@OLD_COLLATION_CONNECTION */;
